Fulvestrant_response	Mitomycin_response	Gefitinib_response	Rapamycin_response	Rapamycin.Gefitinib_response	Mitomycin.Fulvestrant_response	Fulvestrant_key_feature	Mitomycin_key_feature	Gefitinib_key_feature	Rapamycin_key_feature	Rapamycin.Gefitinib_key_feature	Mitomycin.Fulvestrant_key_feature
BrainCNS_VFF746	NA	NA	NA	NA	NA	NA	NA	NA	NA	NA	NA	NA
Bowel_KI64	NA	NA	NA	NA	NA	NA	NA	NA	NA	NA	NA	NA
Bowel_QEVT62	NA	NA	NA	NA	NA	NA	NA	NA	NA	NA	NA	NA
Lung_TXY395	NA	NA	NA	NA	NA	NA	NA	NA	NA	NA	NA	NA
Lung_JIL5	NA	NA	NA	NA	NA	NA	NA	NA	NA	NA	NA	NA
Blood_CB485	NA	NA	NA	NA	NA	NA	NA	NA	NA	NA	NA	NA
Skin_SFL7	NA	NA	NA	NA	NA	NA	NA	NA	NA	NA	NA	NA
Skin_VAK5	NA	NA	NA	NA	NA	NA	NA	NA	NA	NA	NA	NA
Ovary_XT38	NA	NA	NA	NA	NA	NA	NA	NA	NA	NA	NA	NA
